{
  "src": [
    "metronome.mp3"
  ],
  "sprite": {
    "metronome1": [
      0,
      100.1360544217687
    ],
    "metronome2": [
      2000,
      100.13605442176888
    ],
    "metronome3": [
      4000,
      100.13605442176842
    ],
    "metronome4": [
      6000,
      100.13605442176842
    ],
    "metronome5": [
      8000,
      100.13605442176932
    ],
    "metronome6": [
      10000,
      100.13605442176932
    ]
  }
}