{
  "src": [
    "src/assets/sounds/sounds.mp3"
  ],
  "sprite": {
    "crash": [
      0,
      724.37641723356
    ],
    "hihat_open_close": [
      2000,
      391.3378684807256
    ],
    "hihatClose": [
      4000,
      119.13832199546448
    ],
    "hihatOpen": [
      6000,
      457.1428571428573
    ],
    "kick1": [
      8000,
      328.18594104308477
    ],
    "kick2": [
      10000,
      528.0045351473923
    ],
    "kick3": [
      12000,
      307.3922902494335
    ],
    "metronomeOff": [
      14000,
      17.142857142857792
    ],
    "metronomeOn": [
      16000,
      25.328798185942247
    ],
    "ride": [
      18000,
      807.3922902494317
    ],
    "snare1": [
      20000,
      292.9024943310665
    ],
    "snare2": [
      22000,
      196.55328798186034
    ],
    "snare3": [
      24000,
      310.02267573695974
    ],
    "tom": [
      26000,
      534.8752834467127
    ],
    "wrongNote": [
      28000,
      313.0612244897968
    ]
  }
}